,estimator,min_score,mean_score,max_score,std_score,C,activation,alpha,criterion,decision_function_shape,gamma,kernel,learning_rate,max_depth,n_estimators,n_neighbors,solver
290,Multilayer Perceptron,0.5098039215686274,0.690818250377074,0.8431372549019607,0.0947895316920145,,relu,1,,,,,constant,,,,lbfgs
293,Multilayer Perceptron,0.5098039215686274,0.690818250377074,0.8431372549019607,0.0947895316920145,,relu,1,,,,,invscaling,,,,lbfgs
296,Multilayer Perceptron,0.5098039215686274,0.690818250377074,0.8431372549019607,0.0947895316920145,,relu,1,,,,,adaptive,,,,lbfgs
133,SVM balanced weights,0.5333333333333332,0.6892722473604825,0.8274509803921568,0.10196133967346771,1,,,,ovr,scale,rbf,,,,,
125,SVM balanced weights,0.5333333333333332,0.6892722473604825,0.8274509803921568,0.10196133967346771,1,,,,ovo,scale,rbf,,,,,
129,SVM balanced weights,0.5372549019607843,0.6888800904977375,0.823529411764706,0.10032245195801615,1,,,,ovr,auto,rbf,,,,,
121,SVM balanced weights,0.5372549019607843,0.6888800904977375,0.823529411764706,0.10032245195801615,1,,,,ovo,auto,rbf,,,,,
305,Multilayer Perceptron,0.5058823529411764,0.6744984917043741,0.815686274509804,0.08681880027218634,,relu,0.001,,,,,adaptive,,,,lbfgs
299,Multilayer Perceptron,0.5058823529411764,0.6744984917043741,0.815686274509804,0.08681880027218634,,relu,0.001,,,,,constant,,,,lbfgs
302,Multilayer Perceptron,0.5058823529411764,0.6744984917043741,0.815686274509804,0.08681880027218634,,relu,0.001,,,,,invscaling,,,,lbfgs
283,Multilayer Perceptron,0.48235294117647065,0.6727978883861236,0.792156862745098,0.09964245323984626,,relu,0.0001,,,,,constant,,,,adam
286,Multilayer Perceptron,0.48235294117647065,0.6727978883861236,0.792156862745098,0.09964245323984626,,relu,0.0001,,,,,invscaling,,,,adam
289,Multilayer Perceptron,0.48235294117647065,0.6727978883861236,0.792156862745098,0.09964245323984626,,relu,0.0001,,,,,adaptive,,,,adam
277,Multilayer Perceptron,0.48235294117647065,0.6727262443438914,0.792156862745098,0.09992692454360663,,relu,1e-05,,,,,invscaling,,,,adam
280,Multilayer Perceptron,0.48235294117647065,0.6727262443438914,0.792156862745098,0.09992692454360663,,relu,1e-05,,,,,adaptive,,,,adam
274,Multilayer Perceptron,0.48235294117647065,0.6727262443438914,0.792156862745098,0.09992692454360663,,relu,1e-05,,,,,constant,,,,adam
301,Multilayer Perceptron,0.48235294117647065,0.6723340874811463,0.792156862745098,0.09977283227678775,,relu,0.001,,,,,constant,,,,adam
304,Multilayer Perceptron,0.48235294117647065,0.6723340874811463,0.792156862745098,0.09977283227678775,,relu,0.001,,,,,invscaling,,,,adam
307,Multilayer Perceptron,0.48235294117647065,0.6723340874811463,0.792156862745098,0.09977283227678775,,relu,0.001,,,,,adaptive,,,,adam
310,Multilayer Perceptron,0.48235294117647065,0.6720135746606335,0.792156862745098,0.09928558427062523,,relu,0.01,,,,,constant,,,,adam
316,Multilayer Perceptron,0.48235294117647065,0.6720135746606335,0.792156862745098,0.09928558427062523,,relu,0.01,,,,,adaptive,,,,adam
313,Multilayer Perceptron,0.48235294117647065,0.6720135746606335,0.792156862745098,0.09928558427062523,,relu,0.01,,,,,invscaling,,,,adam
308,Multilayer Perceptron,0.5176470588235293,0.6671907993966817,0.7843137254901961,0.0808556060681221,,relu,0.01,,,,,constant,,,,lbfgs
314,Multilayer Perceptron,0.5176470588235293,0.6671907993966817,0.7843137254901961,0.0808556060681221,,relu,0.01,,,,,adaptive,,,,lbfgs
311,Multilayer Perceptron,0.5176470588235293,0.6671907993966817,0.7843137254901961,0.0808556060681221,,relu,0.01,,,,,invscaling,,,,lbfgs
281,Multilayer Perceptron,0.4980392156862745,0.666447963800905,0.7960784313725491,0.08492370891330857,,relu,0.0001,,,,,constant,,,,lbfgs
284,Multilayer Perceptron,0.4980392156862745,0.666447963800905,0.7960784313725491,0.08492370891330857,,relu,0.0001,,,,,invscaling,,,,lbfgs
287,Multilayer Perceptron,0.4980392156862745,0.666447963800905,0.7960784313725491,0.08492370891330857,,relu,0.0001,,,,,adaptive,,,,lbfgs
272,Multilayer Perceptron,0.4980392156862745,0.664524886877828,0.7960784313725491,0.08481919059742939,,relu,1e-05,,,,,constant,,,,lbfgs
275,Multilayer Perceptron,0.4980392156862745,0.664524886877828,0.7960784313725491,0.08481919059742939,,relu,1e-05,,,,,invscaling,,,,lbfgs
278,Multilayer Perceptron,0.4980392156862745,0.664524886877828,0.7960784313725491,0.08481919059742939,,relu,1e-05,,,,,adaptive,,,,lbfgs
109,SVM balanced weights,0.44705882352941184,0.6580844645550529,0.8666666666666667,0.10444769452506183,0.1,,,,ovo,scale,rbf,,,,,
117,SVM balanced weights,0.44705882352941184,0.6580844645550529,0.8666666666666667,0.10444769452506183,0.1,,,,ovr,scale,rbf,,,,,
105,SVM balanced weights,0.45098039215686275,0.6576923076923078,0.8666666666666667,0.10353467742614963,0.1,,,,ovo,auto,rbf,,,,,
113,SVM balanced weights,0.45098039215686275,0.6576923076923078,0.8666666666666667,0.10353467742614963,0.1,,,,ovr,auto,rbf,,,,,
292,Multilayer Perceptron,0.4509803921568627,0.6533031674208145,0.7803921568627451,0.09715908775714037,,relu,1,,,,,constant,,,,adam
295,Multilayer Perceptron,0.4509803921568627,0.6533031674208145,0.7803921568627451,0.09715908775714037,,relu,1,,,,,invscaling,,,,adam
298,Multilayer Perceptron,0.4509803921568627,0.6533031674208145,0.7803921568627451,0.09715908775714037,,relu,1,,,,,adaptive,,,,adam
101,SVM balanced weights,0.4392156862745098,0.6525226244343891,0.8627450980392156,0.10337088618876243,0.01,,,,ovr,scale,rbf,,,,,
93,SVM balanced weights,0.4392156862745098,0.6525226244343891,0.8627450980392156,0.10337088618876243,0.01,,,,ovo,scale,rbf,,,,,
85,SVM balanced weights,0.4392156862745098,0.6525226244343891,0.8627450980392156,0.10337088618876243,0.0001,,,,ovr,scale,rbf,,,,,
53,SVM balanced weights,0.4392156862745098,0.6525226244343891,0.8627450980392156,0.10337088618876243,0.001,,,,ovr,scale,rbf,,,,,
61,SVM balanced weights,0.4392156862745098,0.6525226244343891,0.8627450980392156,0.10337088618876243,0.0001,,,,ovo,scale,rbf,,,,,
69,SVM balanced weights,0.4392156862745098,0.6525226244343891,0.8627450980392156,0.10337088618876243,0.0001,,,,ovr,scale,rbf,,,,,
45,SVM balanced weights,0.4392156862745098,0.6525226244343891,0.8627450980392156,0.10337088618876243,0.001,,,,ovo,scale,rbf,,,,,
77,SVM balanced weights,0.4392156862745098,0.6525226244343891,0.8627450980392156,0.10337088618876243,0.0001,,,,ovo,scale,rbf,,,,,
65,SVM balanced weights,0.4392156862745098,0.651738310708899,0.8627450980392156,0.10340935949669315,0.0001,,,,ovr,auto,rbf,,,,,
41,SVM balanced weights,0.4392156862745098,0.651738310708899,0.8627450980392156,0.10340935949669315,0.001,,,,ovo,auto,rbf,,,,,
73,SVM balanced weights,0.4392156862745098,0.651738310708899,0.8627450980392156,0.10340935949669315,0.0001,,,,ovo,auto,rbf,,,,,
97,SVM balanced weights,0.4392156862745098,0.651738310708899,0.8627450980392156,0.10340935949669315,0.01,,,,ovr,auto,rbf,,,,,
81,SVM balanced weights,0.4392156862745098,0.651738310708899,0.8627450980392156,0.10340935949669315,0.0001,,,,ovr,auto,rbf,,,,,
57,SVM balanced weights,0.4392156862745098,0.651738310708899,0.8627450980392156,0.10340935949669315,0.0001,,,,ovo,auto,rbf,,,,,
89,SVM balanced weights,0.4392156862745098,0.651738310708899,0.8627450980392156,0.10340935949669315,0.01,,,,ovo,auto,rbf,,,,,
49,SVM balanced weights,0.4392156862745098,0.651738310708899,0.8627450980392156,0.10340935949669315,0.001,,,,ovr,auto,rbf,,,,,
338,Random Forest Classifier,0.516025641025641,0.6459087481146304,0.7564102564102565,0.06798678191691761,,,,gini,,,,,13,100,,
8,KNN,0.46474358974358976,0.6430938914027149,0.819607843137255,0.1168318115174071,,,,,,,,,,,17,
10,KNN,0.4391025641025641,0.6425678733031674,0.8274509803921568,0.11212216008621229,,,,,,,,,,,21,
7,KNN,0.4471153846153846,0.641487556561086,0.8098039215686275,0.12089768212367057,,,,,,,,,,,15,
6,KNN,0.4407051282051282,0.6413122171945702,0.8392156862745098,0.12506616657962477,,,,,,,,,,,13,
353,Random Forest Classifier,0.43529411764705883,0.6388273001508297,0.7307692307692308,0.07958013976297822,,,,entropy,,,,,7,100,,
341,Random Forest Classifier,0.5058823529411764,0.63815987933635,0.8301282051282051,0.09183845666830508,,,,gini,,,,,13,1000,,
9,KNN,0.4951923076923077,0.6373416289592759,0.8137254901960784,0.11615891721223844,,,,,,,,,,,19,
340,Random Forest Classifier,0.5019607843137255,0.6358785822021116,0.7948717948717949,0.08354651902645535,,,,gini,,,,,13,500,,
224,Multilayer Perceptron,0.5032051282051282,0.6350678733031675,0.7333333333333334,0.07646173912999037,,logistic,0.01,,,,,adaptive,,,,lbfgs
221,Multilayer Perceptron,0.5032051282051282,0.6350678733031675,0.7333333333333334,0.07646173912999037,,logistic,0.01,,,,,invscaling,,,,lbfgs
218,Multilayer Perceptron,0.5032051282051282,0.6350678733031675,0.7333333333333334,0.07646173912999037,,logistic,0.01,,,,,constant,,,,lbfgs
363,Random Forest Classifier,0.38039215686274513,0.6348567119155355,0.841346153846154,0.11021899499122516,,,,entropy,,,,,13,100,,
365,Random Forest Classifier,0.45098039215686275,0.633736802413273,0.8269230769230769,0.09902439517317513,,,,entropy,,,,,13,500,,
366,Random Forest Classifier,0.44705882352941173,0.6335558069381599,0.8173076923076923,0.0959581563087348,,,,entropy,,,,,13,1000,,
339,Random Forest Classifier,0.5176470588235295,0.6334030920060332,0.7772435897435898,0.07816928162841263,,,,gini,,,,,13,200,,
334,Random Forest Classifier,0.5137254901960784,0.6331561085972852,0.7756410256410255,0.07868724586900279,,,,gini,,,,,10,200,,
335,Random Forest Classifier,0.4862745098039216,0.6329562594268477,0.7916666666666666,0.08538320359385031,,,,gini,,,,,10,500,,
358,Random Forest Classifier,0.392156862745098,0.632447209653092,0.7294117647058824,0.08956385961301232,,,,entropy,,,,,10,100,,
336,Random Forest Classifier,0.48235294117647065,0.6314592760180996,0.8108974358974359,0.08861550819184959,,,,gini,,,,,10,1000,,
364,Random Forest Classifier,0.4294117647058824,0.6306146304675716,0.8333333333333333,0.10455415287065746,,,,entropy,,,,,13,200,,
251,Multilayer Perceptron,0.4862745098039216,0.6299434389140272,0.7607843137254902,0.08430174537543705,,tanh,1,,,,,adaptive,,,,lbfgs
248,Multilayer Perceptron,0.4862745098039216,0.6299434389140272,0.7607843137254902,0.08430174537543705,,tanh,1,,,,,invscaling,,,,lbfgs
245,Multilayer Perceptron,0.4862745098039216,0.6299434389140272,0.7607843137254902,0.08430174537543705,,tanh,1,,,,,constant,,,,lbfgs
328,Random Forest Classifier,0.4745098039215686,0.6294645550527904,0.7243589743589743,0.07573386907088825,,,,gini,,,,,7,100,,
209,Multilayer Perceptron,0.4823529411764706,0.6283785822021116,0.8493589743589745,0.09963170487785447,,logistic,0.001,,,,,constant,,,,lbfgs
212,Multilayer Perceptron,0.4823529411764706,0.6283785822021116,0.8493589743589745,0.09963170487785447,,logistic,0.001,,,,,invscaling,,,,lbfgs
215,Multilayer Perceptron,0.4823529411764706,0.6283785822021116,0.8493589743589745,0.09963170487785447,,logistic,0.001,,,,,adaptive,,,,lbfgs
359,Random Forest Classifier,0.4117647058823529,0.6277828054298643,0.7692307692307693,0.09101576971396329,,,,entropy,,,,,10,200,,
354,Random Forest Classifier,0.43529411764705883,0.6245776772247361,0.7371794871794872,0.0792782348843281,,,,entropy,,,,,7,200,,
331,Random Forest Classifier,0.47058823529411764,0.6238310708898944,0.766025641025641,0.08116256348299179,,,,gini,,,,,7,1000,,
352,Random Forest Classifier,0.4549019607843138,0.6238235294117648,0.7176470588235294,0.08630800948094591,,,,entropy,,,,,7,10,,
360,Random Forest Classifier,0.4627450980392157,0.6236877828054299,0.8012820512820513,0.08854381803434842,,,,entropy,,,,,10,500,,
5,KNN,0.41185897435897434,0.6235294117647059,0.8411764705882353,0.1338193216619332,,,,,,,,,,,11,
361,Random Forest Classifier,0.4627450980392157,0.6234728506787331,0.7756410256410257,0.08414730175043832,,,,entropy,,,,,10,1000,,
355,Random Forest Classifier,0.4666666666666667,0.6231184012066365,0.75,0.07573192450199769,,,,entropy,,,,,7,500,,
333,Random Forest Classifier,0.5098039215686274,0.622750754147813,0.7532051282051282,0.06839243299934522,,,,gini,,,,,10,100,,
356,Random Forest Classifier,0.4627450980392157,0.6219758672699849,0.75,0.076571884486169,,,,entropy,,,,,7,1000,,
329,Random Forest Classifier,0.4862745098039216,0.6208107088989443,0.7215686274509805,0.07320949363675662,,,,gini,,,,,7,200,,
330,Random Forest Classifier,0.47058823529411764,0.6206975867269985,0.7435897435897436,0.0796872623992026,,,,gini,,,,,7,500,,
4,KNN,0.44551282051282054,0.6188838612368024,0.7568627450980392,0.12312950643370874,,,,,,,,,,,9,
122,SVM balanced weights,0.45490196078431366,0.6179826546003017,0.7403846153846154,0.10075016171577325,1,,,,ovo,auto,linear,,,,,
130,SVM balanced weights,0.45490196078431366,0.6179826546003017,0.7403846153846154,0.10075016171577325,1,,,,ovr,auto,linear,,,,,
134,SVM balanced weights,0.45490196078431366,0.6179826546003017,0.7403846153846154,0.10075016171577325,1,,,,ovr,scale,linear,,,,,
126,SVM balanced weights,0.45490196078431366,0.6179826546003017,0.7403846153846154,0.10075016171577325,1,,,,ovo,scale,linear,,,,,
135,SVM balanced weights,0.4423076923076923,0.6155505279034691,0.7568627450980392,0.08745854365518664,1,,,,ovr,scale,poly,,,,,
127,SVM balanced weights,0.4423076923076923,0.6155505279034691,0.7568627450980392,0.08745854365518664,1,,,,ovo,scale,poly,,,,,
123,SVM balanced weights,0.4423076923076923,0.6147662141779789,0.7529411764705882,0.08624974462348126,1,,,,ovo,auto,poly,,,,,
131,SVM balanced weights,0.4423076923076923,0.6147662141779789,0.7529411764705882,0.08624974462348126,1,,,,ovr,auto,poly,,,,,
263,Multilayer Perceptron,0.5215686274509803,0.6147586726998492,0.7254901960784313,0.06922042603558405,,tanh,0.01,,,,,constant,,,,lbfgs
269,Multilayer Perceptron,0.5215686274509803,0.6147586726998492,0.7254901960784313,0.06922042603558405,,tanh,0.01,,,,,adaptive,,,,lbfgs
266,Multilayer Perceptron,0.5215686274509803,0.6147586726998492,0.7254901960784313,0.06922042603558405,,tanh,0.01,,,,,invscaling,,,,lbfgs
259,Multilayer Perceptron,0.4196078431372549,0.6145361990950227,0.7568627450980392,0.0970954505790035,,tanh,0.001,,,,,invscaling,,,,adam
262,Multilayer Perceptron,0.4196078431372549,0.6145361990950227,0.7568627450980392,0.0970954505790035,,tanh,0.001,,,,,adaptive,,,,adam
256,Multilayer Perceptron,0.4196078431372549,0.6145361990950227,0.7568627450980392,0.0970954505790035,,tanh,0.001,,,,,constant,,,,adam
229,Multilayer Perceptron,0.4196078431372549,0.6145361990950227,0.7568627450980392,0.0970954505790035,,tanh,1e-05,,,,,constant,,,,adam
232,Multilayer Perceptron,0.4196078431372549,0.6145361990950227,0.7568627450980392,0.0970954505790035,,tanh,1e-05,,,,,invscaling,,,,adam
244,Multilayer Perceptron,0.4196078431372549,0.6145361990950227,0.7568627450980392,0.0970954505790035,,tanh,0.0001,,,,,adaptive,,,,adam
241,Multilayer Perceptron,0.4196078431372549,0.6145361990950227,0.7568627450980392,0.0970954505790035,,tanh,0.0001,,,,,invscaling,,,,adam
238,Multilayer Perceptron,0.4196078431372549,0.6145361990950227,0.7568627450980392,0.0970954505790035,,tanh,0.0001,,,,,constant,,,,adam
235,Multilayer Perceptron,0.4196078431372549,0.6145361990950227,0.7568627450980392,0.0970954505790035,,tanh,1e-05,,,,,adaptive,,,,adam
271,Multilayer Perceptron,0.4156862745098039,0.6127187028657619,0.7529411764705882,0.0974249188446944,,tanh,0.01,,,,,adaptive,,,,adam
265,Multilayer Perceptron,0.4156862745098039,0.6127187028657619,0.7529411764705882,0.0974249188446944,,tanh,0.01,,,,,constant,,,,adam
268,Multilayer Perceptron,0.4156862745098039,0.6127187028657619,0.7529411764705882,0.0974249188446944,,tanh,0.01,,,,,invscaling,,,,adam
110,SVM balanced weights,0.396078431372549,0.6118853695324284,0.717948717948718,0.10601578069733951,0.1,,,,ovo,scale,linear,,,,,
114,SVM balanced weights,0.396078431372549,0.6118853695324284,0.717948717948718,0.10601578069733951,0.1,,,,ovr,auto,linear,,,,,
106,SVM balanced weights,0.396078431372549,0.6118853695324284,0.717948717948718,0.10601578069733951,0.1,,,,ovo,auto,linear,,,,,
118,SVM balanced weights,0.396078431372549,0.6118853695324284,0.717948717948718,0.10601578069733951,0.1,,,,ovr,scale,linear,,,,,
200,Multilayer Perceptron,0.37647058823529417,0.6116779788838612,0.7529411764705882,0.11605155666232433,,logistic,1,,,,,constant,,,,lbfgs
203,Multilayer Perceptron,0.37647058823529417,0.6116779788838612,0.7529411764705882,0.11605155666232433,,logistic,1,,,,,invscaling,,,,lbfgs
206,Multilayer Perceptron,0.37647058823529417,0.6116779788838612,0.7529411764705882,0.11605155666232433,,logistic,1,,,,,adaptive,,,,lbfgs
326,Random Forest Classifier,0.47058823529411764,0.6103280542986426,0.766025641025641,0.08616079099502655,,,,gini,,,,,5,1000,,
351,Random Forest Classifier,0.4666666666666666,0.6097209653092006,0.7564102564102564,0.08071311986297328,,,,entropy,,,,,5,1000,,
332,Random Forest Classifier,0.5000000000000001,0.6094834087481147,0.8333333333333334,0.09209351600858998,,,,gini,,,,,10,10,,
167,Multilayer Perceptron,0.3686274509803921,0.6089328808446455,0.7686274509803921,0.11814710733721866,,identity,0.001,,,,,invscaling,,,,lbfgs
170,Multilayer Perceptron,0.3686274509803921,0.6089328808446455,0.7686274509803921,0.11814710733721866,,identity,0.001,,,,,adaptive,,,,lbfgs
164,Multilayer Perceptron,0.3686274509803921,0.6089328808446455,0.7686274509803921,0.11814710733721866,,identity,0.001,,,,,constant,,,,lbfgs
152,Multilayer Perceptron,0.3686274509803921,0.6089328808446455,0.7686274509803921,0.11814710733721866,,identity,0.0001,,,,,adaptive,,,,lbfgs
176,Multilayer Perceptron,0.3686274509803921,0.6089328808446455,0.7686274509803921,0.11814710733721866,,identity,0.01,,,,,invscaling,,,,lbfgs
149,Multilayer Perceptron,0.3686274509803921,0.6089328808446455,0.7686274509803921,0.11814710733721866,,identity,0.0001,,,,,invscaling,,,,lbfgs
146,Multilayer Perceptron,0.3686274509803921,0.6089328808446455,0.7686274509803921,0.11814710733721866,,identity,0.0001,,,,,constant,,,,lbfgs
140,Multilayer Perceptron,0.3686274509803921,0.6089328808446455,0.7686274509803921,0.11814710733721866,,identity,1e-05,,,,,invscaling,,,,lbfgs
143,Multilayer Perceptron,0.3686274509803921,0.6089328808446455,0.7686274509803921,0.11814710733721866,,identity,1e-05,,,,,adaptive,,,,lbfgs
179,Multilayer Perceptron,0.3686274509803921,0.6089328808446455,0.7686274509803921,0.11814710733721866,,identity,0.01,,,,,adaptive,,,,lbfgs
173,Multilayer Perceptron,0.3686274509803921,0.6089328808446455,0.7686274509803921,0.11814710733721866,,identity,0.01,,,,,constant,,,,lbfgs
137,Multilayer Perceptron,0.3686274509803921,0.6089328808446455,0.7686274509803921,0.11814710733721866,,identity,1e-05,,,,,constant,,,,lbfgs
161,Multilayer Perceptron,0.34509803921568627,0.608182503770739,0.7725490196078431,0.12475760732418323,,identity,1,,,,,adaptive,,,,lbfgs
158,Multilayer Perceptron,0.34509803921568627,0.608182503770739,0.7725490196078431,0.12475760732418323,,identity,1,,,,,invscaling,,,,lbfgs
155,Multilayer Perceptron,0.34509803921568627,0.608182503770739,0.7725490196078431,0.12475760732418323,,identity,1,,,,,constant,,,,lbfgs
323,Random Forest Classifier,0.48627450980392156,0.6077300150829562,0.7403846153846154,0.07877743910705866,,,,gini,,,,,5,100,,
350,Random Forest Classifier,0.4549019607843137,0.6075490196078431,0.7596153846153846,0.08650463460165617,,,,entropy,,,,,5,500,,
348,Random Forest Classifier,0.47450980392156866,0.60605580693816,0.733974358974359,0.07612433770834683,,,,entropy,,,,,5,100,,
38,Logistic regression,0.388235294117647,0.6057239819004525,0.7307692307692307,0.11149349016961542,1,,,,,,,,,,,liblinear
36,Logistic regression,0.388235294117647,0.6054034690799397,0.7307692307692307,0.11149750625341373,1,,,,,,,,,,,newton-cg
40,Logistic regression,0.388235294117647,0.6054034690799397,0.7307692307692307,0.11149750625341373,1,,,,,,,,,,,saga
37,Logistic regression,0.388235294117647,0.6054034690799397,0.7307692307692307,0.11149750625341373,1,,,,,,,,,,,lbfgs
39,Logistic regression,0.388235294117647,0.6054034690799397,0.7307692307692307,0.11149750625341373,1,,,,,,,,,,,sag
317,Random Forest Classifier,0.47058823529411764,0.6052564102564102,0.8012820512820513,0.10587830039341266,,,,gini,,,,,2,10,,
163,Multilayer Perceptron,0.34509803921568627,0.6045135746606334,0.7686274509803921,0.12382503807713398,,identity,1,,,,,adaptive,,,,adam
157,Multilayer Perceptron,0.34509803921568627,0.6045135746606334,0.7686274509803921,0.12382503807713398,,identity,1,,,,,constant,,,,adam
160,Multilayer Perceptron,0.34509803921568627,0.6045135746606334,0.7686274509803921,0.12382503807713398,,identity,1,,,,,invscaling,,,,adam
185,Multilayer Perceptron,0.4509803921568628,0.6044758672699849,0.7803921568627452,0.10953308500104125,,logistic,1e-05,,,,,invscaling,,,,lbfgs
188,Multilayer Perceptron,0.4509803921568628,0.6044758672699849,0.7803921568627452,0.10953308500104125,,logistic,1e-05,,,,,adaptive,,,,lbfgs
182,Multilayer Perceptron,0.4509803921568628,0.6044758672699849,0.7803921568627452,0.10953308500104125,,logistic,1e-05,,,,,constant,,,,lbfgs
324,Random Forest Classifier,0.5058823529411764,0.6044193061840121,0.7275641025641025,0.07274302734783013,,,,gini,,,,,5,200,,
325,Random Forest Classifier,0.4784313725490196,0.6039517345399699,0.7371794871794871,0.08240604037348738,,,,gini,,,,,5,500,,
247,Multilayer Perceptron,0.35686274509803917,0.6039441930618401,0.7764705882352941,0.12283430444001746,,tanh,1,,,,,constant,,,,adam
250,Multilayer Perceptron,0.35686274509803917,0.6039441930618401,0.7764705882352941,0.12283430444001746,,tanh,1,,,,,invscaling,,,,adam
253,Multilayer Perceptron,0.35686274509803917,0.6039441930618401,0.7764705882352941,0.12283430444001746,,tanh,1,,,,,adaptive,,,,adam
175,Multilayer Perceptron,0.3647058823529411,0.6030542986425339,0.7725490196078431,0.12008734452099076,,identity,0.01,,,,,constant,,,,adam
172,Multilayer Perceptron,0.3647058823529411,0.6030542986425339,0.7725490196078431,0.12008734452099076,,identity,0.001,,,,,adaptive,,,,adam
181,Multilayer Perceptron,0.3647058823529411,0.6030542986425339,0.7725490196078431,0.12008734452099076,,identity,0.01,,,,,adaptive,,,,adam
169,Multilayer Perceptron,0.3647058823529411,0.6030542986425339,0.7725490196078431,0.12008734452099076,,identity,0.001,,,,,invscaling,,,,adam
178,Multilayer Perceptron,0.3647058823529411,0.6030542986425339,0.7725490196078431,0.12008734452099076,,identity,0.01,,,,,invscaling,,,,adam
139,Multilayer Perceptron,0.3647058823529411,0.6030542986425339,0.7725490196078431,0.12008734452099076,,identity,1e-05,,,,,constant,,,,adam
166,Multilayer Perceptron,0.3647058823529411,0.6030542986425339,0.7725490196078431,0.12008734452099076,,identity,0.001,,,,,constant,,,,adam
148,Multilayer Perceptron,0.3647058823529411,0.6030542986425339,0.7725490196078431,0.12008734452099076,,identity,0.0001,,,,,constant,,,,adam
142,Multilayer Perceptron,0.3647058823529411,0.6030542986425339,0.7725490196078431,0.12008734452099076,,identity,1e-05,,,,,invscaling,,,,adam
154,Multilayer Perceptron,0.3647058823529411,0.6030542986425339,0.7725490196078431,0.12008734452099076,,identity,0.0001,,,,,adaptive,,,,adam
151,Multilayer Perceptron,0.3647058823529411,0.6030542986425339,0.7725490196078431,0.12008734452099076,,identity,0.0001,,,,,invscaling,,,,adam
145,Multilayer Perceptron,0.3647058823529411,0.6030542986425339,0.7725490196078431,0.12008734452099076,,identity,1e-05,,,,,adaptive,,,,adam
197,Multilayer Perceptron,0.46794871794871795,0.6020248868778281,0.807843137254902,0.10402503874935387,,logistic,0.0001,,,,,adaptive,,,,lbfgs
194,Multilayer Perceptron,0.46794871794871795,0.6020248868778281,0.807843137254902,0.10402503874935387,,logistic,0.0001,,,,,invscaling,,,,lbfgs
191,Multilayer Perceptron,0.46794871794871795,0.6020248868778281,0.807843137254902,0.10402503874935387,,logistic,0.0001,,,,,constant,,,,lbfgs
297,Multilayer Perceptron,0.3490196078431373,0.5997171945701356,0.782051282051282,0.13486504035892904,,relu,1,,,,,adaptive,,,,sgd
291,Multilayer Perceptron,0.3490196078431373,0.5993966817496228,0.782051282051282,0.13504439414837285,,relu,1,,,,,constant,,,,sgd
31,Logistic regression,0.33725490196078434,0.5989517345399697,0.7137254901960784,0.12157482936322736,0.1,,,,,,,,,,,newton-cg
32,Logistic regression,0.33725490196078434,0.5989517345399697,0.7137254901960784,0.12157482936322736,0.1,,,,,,,,,,,lbfgs
35,Logistic regression,0.33725490196078434,0.5989517345399697,0.7137254901960784,0.12157482936322736,0.1,,,,,,,,,,,saga
33,Logistic regression,0.33725490196078434,0.5989517345399697,0.7137254901960784,0.12157482936322736,0.1,,,,,,,,,,,liblinear
34,Logistic regression,0.33725490196078434,0.5989517345399697,0.7137254901960784,0.12157482936322736,0.1,,,,,,,,,,,sag
349,Random Forest Classifier,0.47058823529411764,0.5987858220211162,0.7499999999999999,0.08506453172089705,,,,entropy,,,,,5,200,,
347,Random Forest Classifier,0.48235294117647065,0.5985143288084466,0.7483974358974359,0.07463819221442779,,,,entropy,,,,,5,10,,
306,Multilayer Perceptron,0.3411764705882353,0.5969004524886877,0.7852564102564102,0.13704453530618907,,relu,0.001,,,,,adaptive,,,,sgd
279,Multilayer Perceptron,0.3411764705882353,0.5969004524886877,0.7852564102564102,0.13704453530618907,,relu,1e-05,,,,,adaptive,,,,sgd
288,Multilayer Perceptron,0.3411764705882353,0.5969004524886877,0.7852564102564102,0.13704453530618907,,relu,0.0001,,,,,adaptive,,,,sgd
282,Multilayer Perceptron,0.3411764705882353,0.5965799396681748,0.782051282051282,0.13710211447254392,,relu,0.0001,,,,,constant,,,,sgd
300,Multilayer Perceptron,0.3411764705882353,0.5965799396681748,0.782051282051282,0.13710211447254392,,relu,0.001,,,,,constant,,,,sgd
273,Multilayer Perceptron,0.3411764705882353,0.5965799396681748,0.782051282051282,0.13710211447254392,,relu,1e-05,,,,,constant,,,,sgd
315,Multilayer Perceptron,0.3411764705882353,0.5965799396681748,0.782051282051282,0.13660669169163445,,relu,0.01,,,,,adaptive,,,,sgd
309,Multilayer Perceptron,0.3411764705882353,0.5962594268476621,0.7788461538461539,0.136671220316907,,relu,0.01,,,,,constant,,,,sgd
322,Random Forest Classifier,0.47058823529411764,0.5937858220211162,0.7948717948717949,0.1082644758407332,,,,gini,,,,,5,10,,
327,Random Forest Classifier,0.4,0.5934917043740573,0.803921568627451,0.11322086720227904,,,,gini,,,,,7,10,,
196,Multilayer Perceptron,0.33725490196078434,0.5923265460030166,0.7803921568627451,0.1307994652198711,,logistic,0.0001,,,,,invscaling,,,,adam
193,Multilayer Perceptron,0.33725490196078434,0.5923265460030166,0.7803921568627451,0.1307994652198711,,logistic,0.0001,,,,,constant,,,,adam
199,Multilayer Perceptron,0.33725490196078434,0.5923265460030166,0.7803921568627451,0.1307994652198711,,logistic,0.0001,,,,,adaptive,,,,adam
190,Multilayer Perceptron,0.33725490196078434,0.5923265460030166,0.7803921568627451,0.1307994652198711,,logistic,1e-05,,,,,adaptive,,,,adam
187,Multilayer Perceptron,0.33725490196078434,0.5923265460030166,0.7803921568627451,0.1307994652198711,,logistic,1e-05,,,,,invscaling,,,,adam
184,Multilayer Perceptron,0.33725490196078434,0.5923265460030166,0.7803921568627451,0.1307994652198711,,logistic,1e-05,,,,,constant,,,,adam
217,Multilayer Perceptron,0.33333333333333337,0.5919343891402715,0.7803921568627451,0.13156724659372834,,logistic,0.001,,,,,adaptive,,,,adam
214,Multilayer Perceptron,0.33333333333333337,0.5919343891402715,0.7803921568627451,0.13156724659372834,,logistic,0.001,,,,,invscaling,,,,adam
211,Multilayer Perceptron,0.33333333333333337,0.5919343891402715,0.7803921568627451,0.13156724659372834,,logistic,0.001,,,,,constant,,,,adam
223,Multilayer Perceptron,0.32941176470588235,0.5915422322775263,0.7803921568627451,0.1323410322492444,,logistic,0.01,,,,,invscaling,,,,adam
220,Multilayer Perceptron,0.32941176470588235,0.5915422322775263,0.7803921568627451,0.1323410322492444,,logistic,0.01,,,,,constant,,,,adam
226,Multilayer Perceptron,0.32941176470588235,0.5915422322775263,0.7803921568627451,0.1323410322492444,,logistic,0.01,,,,,adaptive,,,,adam
357,Random Forest Classifier,0.3862745098039216,0.5906674208144798,0.6826923076923077,0.07880244010683655,,,,entropy,,,,,10,10,,
3,KNN,0.4372549019607843,0.5896210407239819,0.7275641025641026,0.08883420182623639,,,,,,,,,,,7,
107,SVM balanced weights,0.3411764705882353,0.5882579185520361,0.7532051282051282,0.14569577756319602,0.1,,,,ovo,auto,poly,,,,,
115,SVM balanced weights,0.3411764705882353,0.5882579185520361,0.7532051282051282,0.14569577756319602,0.1,,,,ovr,auto,poly,,,,,
111,SVM balanced weights,0.3411764705882353,0.5876885369532429,0.7532051282051282,0.14706781525861717,0.1,,,,ovo,scale,poly,,,,,
119,SVM balanced weights,0.3411764705882353,0.5876885369532429,0.7532051282051282,0.14706781525861717,0.1,,,,ovr,scale,poly,,,,,
342,Random Forest Classifier,0.42941176470588227,0.5847530165912518,0.8509615384615385,0.12822463393282038,,,,entropy,,,,,2,10,,
136,SVM balanced weights,0.48235294117647065,0.5839932126696834,0.6666666666666667,0.06985088937576861,1,,,,ovr,scale,sigmoid,,,,,
128,SVM balanced weights,0.48235294117647065,0.5839932126696834,0.6666666666666667,0.06985088937576861,1,,,,ovo,scale,sigmoid,,,,,
132,SVM balanced weights,0.5098039215686274,0.5824622926093515,0.6666666666666667,0.06188840739335775,1,,,,ovr,auto,sigmoid,,,,,
124,SVM balanced weights,0.5098039215686274,0.5824622926093515,0.6666666666666667,0.06188840739335775,1,,,,ovo,auto,sigmoid,,,,,
346,Random Forest Classifier,0.47843137254901963,0.5791101055806939,0.7307692307692307,0.08307502638995255,,,,entropy,,,,,2,1000,,
254,Multilayer Perceptron,0.38461538461538464,0.578631221719457,0.796078431372549,0.12628572181631187,,tanh,0.001,,,,,constant,,,,lbfgs
257,Multilayer Perceptron,0.38461538461538464,0.578631221719457,0.796078431372549,0.12628572181631187,,tanh,0.001,,,,,invscaling,,,,lbfgs
260,Multilayer Perceptron,0.38461538461538464,0.578631221719457,0.796078431372549,0.12628572181631187,,tanh,0.001,,,,,adaptive,,,,lbfgs
94,SVM balanced weights,0.2823529411764706,0.5769570135746607,0.7628205128205128,0.13506197857879942,0.01,,,,ovo,scale,linear,,,,,
90,SVM balanced weights,0.2823529411764706,0.5769570135746607,0.7628205128205128,0.13506197857879942,0.01,,,,ovo,auto,linear,,,,,
102,SVM balanced weights,0.2823529411764706,0.5769570135746607,0.7628205128205128,0.13506197857879942,0.01,,,,ovr,scale,linear,,,,,
98,SVM balanced weights,0.2823529411764706,0.5769570135746607,0.7628205128205128,0.13506197857879942,0.01,,,,ovr,auto,linear,,,,,
30,Logistic regression,0.2901960784313726,0.5768589743589744,0.7532051282051282,0.1390850749613441,0.01,,,,,,,,,,,saga
26,Logistic regression,0.2901960784313726,0.5768589743589744,0.7532051282051282,0.1390850749613441,0.01,,,,,,,,,,,newton-cg
27,Logistic regression,0.2901960784313726,0.5764668174962293,0.7532051282051282,0.13862599212419324,0.01,,,,,,,,,,,lbfgs
29,Logistic regression,0.2901960784313726,0.5764668174962293,0.7532051282051282,0.13862599212419324,0.01,,,,,,,,,,,sag
320,Random Forest Classifier,0.4627450980392157,0.5761538461538461,0.7147435897435898,0.08902794498996978,,,,gini,,,,,2,500,,
28,Logistic regression,0.2901960784313726,0.5760746606334842,0.7532051282051282,0.1386707757602314,0.01,,,,,,,,,,,liblinear
321,Random Forest Classifier,0.4549019607843138,0.5753318250377075,0.7243589743589743,0.08643873465219067,,,,gini,,,,,2,1000,,
180,Multilayer Perceptron,0.3019607843137255,0.5745060331825037,0.7852564102564102,0.14140544838986932,,identity,0.01,,,,,adaptive,,,,sgd
153,Multilayer Perceptron,0.3019607843137255,0.5745060331825037,0.7852564102564102,0.14140544838986932,,identity,0.0001,,,,,adaptive,,,,sgd
144,Multilayer Perceptron,0.3019607843137255,0.5745060331825037,0.7852564102564102,0.14140544838986932,,identity,1e-05,,,,,adaptive,,,,sgd
171,Multilayer Perceptron,0.3019607843137255,0.5745060331825037,0.7852564102564102,0.14140544838986932,,identity,0.001,,,,,adaptive,,,,sgd
162,Multilayer Perceptron,0.3019607843137255,0.5731523378582202,0.7852564102564104,0.1430481270525568,,identity,1,,,,,adaptive,,,,sgd
147,Multilayer Perceptron,0.3058823529411765,0.5726168929110106,0.7916666666666667,0.14151930517697914,,identity,0.0001,,,,,constant,,,,sgd
138,Multilayer Perceptron,0.3058823529411765,0.5726168929110106,0.7916666666666667,0.14151930517697914,,identity,1e-05,,,,,constant,,,,sgd
165,Multilayer Perceptron,0.3058823529411765,0.5726168929110106,0.7916666666666667,0.14151930517697914,,identity,0.001,,,,,constant,,,,sgd
174,Multilayer Perceptron,0.3058823529411765,0.5726168929110106,0.7916666666666667,0.14151930517697914,,identity,0.01,,,,,constant,,,,sgd
156,Multilayer Perceptron,0.3058823529411765,0.5721191553544495,0.782051282051282,0.14090036377536017,,identity,1,,,,,constant,,,,sgd
208,Multilayer Perceptron,0.2980392156862745,0.5720135746606335,0.7686274509803921,0.13920949567001611,,logistic,1,,,,,adaptive,,,,adam
202,Multilayer Perceptron,0.2980392156862745,0.5720135746606335,0.7686274509803921,0.13920949567001611,,logistic,1,,,,,constant,,,,adam
205,Multilayer Perceptron,0.2980392156862745,0.5720135746606335,0.7686274509803921,0.13920949567001611,,logistic,1,,,,,invscaling,,,,adam
2,KNN,0.4549019607843138,0.5708182503770739,0.6588235294117647,0.06178082138740642,,,,,,,,,,,5,
362,Random Forest Classifier,0.49198717948717946,0.5703280542986425,0.7628205128205128,0.08201175723095065,,,,entropy,,,,,13,10,,
345,Random Forest Classifier,0.46474358974358976,0.5695965309200604,0.7179487179487178,0.08463228916308575,,,,entropy,,,,,2,500,,
318,Random Forest Classifier,0.41960784313725485,0.5691930618401208,0.7211538461538463,0.0976712522757243,,,,gini,,,,,2,100,,
343,Random Forest Classifier,0.42745098039215684,0.5664140271493213,0.7307692307692308,0.0955824340554301,,,,entropy,,,,,2,100,,
319,Random Forest Classifier,0.42745098039215684,0.5656334841628959,0.685897435897436,0.08996647291495488,,,,gini,,,,,2,200,,
11,Logistic regression,0.27450980392156865,0.5650980392156864,0.7607843137254903,0.143523493016772,0.001,,,,,,,,,,,newton-cg
15,Logistic regression,0.27450980392156865,0.5650980392156864,0.7607843137254903,0.143523493016772,0.001,,,,,,,,,,,saga
12,Logistic regression,0.27450980392156865,0.5650980392156864,0.7607843137254903,0.143523493016772,0.001,,,,,,,,,,,lbfgs
14,Logistic regression,0.27450980392156865,0.5650980392156864,0.7607843137254903,0.143523493016772,0.001,,,,,,,,,,,sag
13,Logistic regression,0.27450980392156865,0.5647775263951735,0.7607843137254903,0.14377208034711686,0.001,,,,,,,,,,,liblinear
120,SVM balanced weights,0.26274509803921564,0.5643815987933636,0.766025641025641,0.14505477333354277,0.1,,,,ovr,scale,sigmoid,,,,,
112,SVM balanced weights,0.26274509803921564,0.5643815987933636,0.766025641025641,0.14505477333354277,0.1,,,,ovo,scale,sigmoid,,,,,
44,SVM balanced weights,0.32156862745098036,0.5638876319758672,0.7647058823529411,0.13635792783785408,0.001,,,,ovo,auto,sigmoid,,,,,
84,SVM balanced weights,0.32156862745098036,0.5638876319758672,0.7647058823529411,0.13635792783785408,0.0001,,,,ovr,auto,sigmoid,,,,,
60,SVM balanced weights,0.32156862745098036,0.5638876319758672,0.7647058823529411,0.13635792783785408,0.0001,,,,ovo,auto,sigmoid,,,,,
100,SVM balanced weights,0.32156862745098036,0.5638876319758672,0.7647058823529411,0.13635792783785408,0.01,,,,ovr,auto,sigmoid,,,,,
72,SVM balanced weights,0.32156862745098036,0.5638876319758672,0.7647058823529411,0.13635792783785408,0.0001,,,,ovr,scale,sigmoid,,,,,
64,SVM balanced weights,0.32156862745098036,0.5638876319758672,0.7647058823529411,0.13635792783785408,0.0001,,,,ovo,scale,sigmoid,,,,,
56,SVM balanced weights,0.32156862745098036,0.5638876319758672,0.7647058823529411,0.13635792783785408,0.001,,,,ovr,scale,sigmoid,,,,,
76,SVM balanced weights,0.32156862745098036,0.5638876319758672,0.7647058823529411,0.13635792783785408,0.0001,,,,ovo,auto,sigmoid,,,,,
104,SVM balanced weights,0.32156862745098036,0.5638876319758672,0.7647058823529411,0.13635792783785408,0.01,,,,ovr,scale,sigmoid,,,,,
68,SVM balanced weights,0.32156862745098036,0.5638876319758672,0.7647058823529411,0.13635792783785408,0.0001,,,,ovr,auto,sigmoid,,,,,
52,SVM balanced weights,0.32156862745098036,0.5638876319758672,0.7647058823529411,0.13635792783785408,0.001,,,,ovr,auto,sigmoid,,,,,
92,SVM balanced weights,0.32156862745098036,0.5638876319758672,0.7647058823529411,0.13635792783785408,0.01,,,,ovo,auto,sigmoid,,,,,
88,SVM balanced weights,0.32156862745098036,0.5638876319758672,0.7647058823529411,0.13635792783785408,0.0001,,,,ovr,scale,sigmoid,,,,,
96,SVM balanced weights,0.32156862745098036,0.5638876319758672,0.7647058823529411,0.13635792783785408,0.01,,,,ovo,scale,sigmoid,,,,,
80,SVM balanced weights,0.32156862745098036,0.5638876319758672,0.7647058823529411,0.13635792783785408,0.0001,,,,ovo,scale,sigmoid,,,,,
48,SVM balanced weights,0.32156862745098036,0.5638876319758672,0.7647058823529411,0.13635792783785408,0.001,,,,ovo,scale,sigmoid,,,,,
108,SVM balanced weights,0.26274509803921564,0.563420060331825,0.766025641025641,0.14498614039578261,0.1,,,,ovo,auto,sigmoid,,,,,
116,SVM balanced weights,0.26274509803921564,0.563420060331825,0.766025641025641,0.14498614039578261,0.1,,,,ovr,auto,sigmoid,,,,,
344,Random Forest Classifier,0.4470588235294118,0.5629638009049774,0.7083333333333333,0.08709061063566138,,,,entropy,,,,,2,200,,
337,Random Forest Classifier,0.4342948717948718,0.5622794117647059,0.7227564102564104,0.10965316593285178,,,,gini,,,,,13,10,,
23,Logistic regression,0.2705882352941177,0.5621380090497737,0.7647058823529412,0.14713769827584075,0.0001,,,,,,,,,,,liblinear
17,Logistic regression,0.2705882352941177,0.5621380090497737,0.7647058823529412,0.14713769827584075,0.0001,,,,,,,,,,,lbfgs
19,Logistic regression,0.2705882352941177,0.5621380090497737,0.7647058823529412,0.14713769827584075,0.0001,,,,,,,,,,,sag
16,Logistic regression,0.2705882352941177,0.5621380090497737,0.7647058823529412,0.14713769827584075,0.0001,,,,,,,,,,,newton-cg
25,Logistic regression,0.2705882352941177,0.5621380090497737,0.7647058823529412,0.14713769827584075,0.0001,,,,,,,,,,,saga
24,Logistic regression,0.2705882352941177,0.5621380090497737,0.7647058823529412,0.14713769827584075,0.0001,,,,,,,,,,,sag
22,Logistic regression,0.2705882352941177,0.5621380090497737,0.7647058823529412,0.14713769827584075,0.0001,,,,,,,,,,,lbfgs
18,Logistic regression,0.2705882352941177,0.5621380090497737,0.7647058823529412,0.14713769827584075,0.0001,,,,,,,,,,,liblinear
21,Logistic regression,0.2705882352941177,0.5621380090497737,0.7647058823529412,0.14713769827584075,0.0001,,,,,,,,,,,newton-cg
20,Logistic regression,0.2705882352941177,0.5621380090497737,0.7647058823529412,0.14713769827584075,0.0001,,,,,,,,,,,saga
46,SVM balanced weights,0.2705882352941177,0.561817496229261,0.7647058823529412,0.14705275464137416,0.001,,,,ovo,scale,linear,,,,,
86,SVM balanced weights,0.2705882352941177,0.561817496229261,0.7647058823529412,0.14705275464137416,0.0001,,,,ovr,scale,linear,,,,,
82,SVM balanced weights,0.2705882352941177,0.561817496229261,0.7647058823529412,0.14705275464137416,0.0001,,,,ovr,auto,linear,,,,,
66,SVM balanced weights,0.2705882352941177,0.561817496229261,0.7647058823529412,0.14705275464137416,0.0001,,,,ovr,auto,linear,,,,,
54,SVM balanced weights,0.2705882352941177,0.561817496229261,0.7647058823529412,0.14705275464137416,0.001,,,,ovr,scale,linear,,,,,
74,SVM balanced weights,0.2705882352941177,0.561817496229261,0.7647058823529412,0.14705275464137416,0.0001,,,,ovo,auto,linear,,,,,
62,SVM balanced weights,0.2705882352941177,0.561817496229261,0.7647058823529412,0.14705275464137416,0.0001,,,,ovo,scale,linear,,,,,
70,SVM balanced weights,0.2705882352941177,0.561817496229261,0.7647058823529412,0.14705275464137416,0.0001,,,,ovr,scale,linear,,,,,
58,SVM balanced weights,0.2705882352941177,0.561817496229261,0.7647058823529412,0.14705275464137416,0.0001,,,,ovo,auto,linear,,,,,
50,SVM balanced weights,0.2705882352941177,0.561817496229261,0.7647058823529412,0.14705275464137416,0.001,,,,ovr,auto,linear,,,,,
42,SVM balanced weights,0.2705882352941177,0.561817496229261,0.7647058823529412,0.14705275464137416,0.001,,,,ovo,auto,linear,,,,,
78,SVM balanced weights,0.2705882352941177,0.561817496229261,0.7647058823529412,0.14705275464137416,0.0001,,,,ovo,scale,linear,,,,,
239,Multilayer Perceptron,0.358974358974359,0.5611726998491704,0.7882352941176471,0.13131591950268856,,tanh,0.0001,,,,,invscaling,,,,lbfgs
236,Multilayer Perceptron,0.358974358974359,0.5611726998491704,0.7882352941176471,0.13131591950268856,,tanh,0.0001,,,,,constant,,,,lbfgs
242,Multilayer Perceptron,0.358974358974359,0.5611726998491704,0.7882352941176471,0.13131591950268856,,tanh,0.0001,,,,,adaptive,,,,lbfgs
233,Multilayer Perceptron,0.3525641025641026,0.5578242835595778,0.7882352941176471,0.1339785003025602,,tanh,1e-05,,,,,adaptive,,,,lbfgs
227,Multilayer Perceptron,0.3525641025641026,0.5578242835595778,0.7882352941176471,0.1339785003025602,,tanh,1e-05,,,,,constant,,,,lbfgs
230,Multilayer Perceptron,0.3525641025641026,0.5578242835595778,0.7882352941176471,0.1339785003025602,,tanh,1e-05,,,,,invscaling,,,,lbfgs
261,Multilayer Perceptron,0.33725490196078434,0.5573717948717948,0.7764705882352941,0.13673837497043811,,tanh,0.001,,,,,adaptive,,,,sgd
234,Multilayer Perceptron,0.33725490196078434,0.5573717948717948,0.7764705882352941,0.13673837497043811,,tanh,1e-05,,,,,adaptive,,,,sgd
243,Multilayer Perceptron,0.33725490196078434,0.5573717948717948,0.7764705882352941,0.13673837497043811,,tanh,0.0001,,,,,adaptive,,,,sgd
270,Multilayer Perceptron,0.33725490196078434,0.5573717948717948,0.7764705882352941,0.13673837497043811,,tanh,0.01,,,,,adaptive,,,,sgd
246,Multilayer Perceptron,0.32941176470588235,0.5572285067873303,0.7647058823529411,0.13562515940078385,,tanh,1,,,,,constant,,,,sgd
252,Multilayer Perceptron,0.32941176470588235,0.5572285067873303,0.7647058823529411,0.13562515940078385,,tanh,1,,,,,adaptive,,,,sgd
264,Multilayer Perceptron,0.34901960784313724,0.5560180995475112,0.7764705882352941,0.13490919556941558,,tanh,0.01,,,,,constant,,,,sgd
255,Multilayer Perceptron,0.34901960784313724,0.5560180995475112,0.7764705882352941,0.13490919556941558,,tanh,0.001,,,,,constant,,,,sgd
237,Multilayer Perceptron,0.34901960784313724,0.5560180995475112,0.7764705882352941,0.13490919556941558,,tanh,0.0001,,,,,constant,,,,sgd
228,Multilayer Perceptron,0.34901960784313724,0.5560180995475112,0.7764705882352941,0.13490919556941558,,tanh,1e-05,,,,,constant,,,,sgd
71,SVM balanced weights,0.2627450980392157,0.5473491704374057,0.7467948717948718,0.16171329352957367,0.0001,,,,ovr,scale,poly,,,,,
79,SVM balanced weights,0.2627450980392157,0.5473491704374057,0.7467948717948718,0.16171329352957367,0.0001,,,,ovo,scale,poly,,,,,
63,SVM balanced weights,0.2627450980392157,0.5473491704374057,0.7467948717948718,0.16171329352957367,0.0001,,,,ovo,scale,poly,,,,,
59,SVM balanced weights,0.2627450980392157,0.5473491704374057,0.7467948717948718,0.16171329352957367,0.0001,,,,ovo,auto,poly,,,,,
83,SVM balanced weights,0.2627450980392157,0.5473491704374057,0.7467948717948718,0.16171329352957367,0.0001,,,,ovr,auto,poly,,,,,
75,SVM balanced weights,0.2627450980392157,0.5473491704374057,0.7467948717948718,0.16171329352957367,0.0001,,,,ovo,auto,poly,,,,,
87,SVM balanced weights,0.2627450980392157,0.5473491704374057,0.7467948717948718,0.16171329352957367,0.0001,,,,ovr,scale,poly,,,,,
67,SVM balanced weights,0.2627450980392157,0.5473491704374057,0.7467948717948718,0.16171329352957367,0.0001,,,,ovr,auto,poly,,,,,
43,SVM balanced weights,0.24705882352941175,0.5437141779788839,0.7403846153846154,0.16323621572060507,0.001,,,,ovo,auto,poly,,,,,
51,SVM balanced weights,0.24705882352941175,0.5437141779788839,0.7403846153846154,0.16323621572060507,0.001,,,,ovr,auto,poly,,,,,
47,SVM balanced weights,0.24705882352941175,0.5437141779788839,0.7403846153846154,0.16323621572060507,0.001,,,,ovo,scale,poly,,,,,
55,SVM balanced weights,0.24705882352941175,0.5437141779788839,0.7403846153846154,0.16323621572060507,0.001,,,,ovr,scale,poly,,,,,
103,SVM balanced weights,0.2627450980392157,0.5399547511312217,0.7596153846153846,0.16518504746784532,0.01,,,,ovr,scale,poly,,,,,
95,SVM balanced weights,0.2627450980392157,0.5399547511312217,0.7596153846153846,0.16518504746784532,0.01,,,,ovo,scale,poly,,,,,
91,SVM balanced weights,0.2627450980392157,0.5388499245852187,0.7596153846153846,0.1654103234048404,0.01,,,,ovo,auto,poly,,,,,
99,SVM balanced weights,0.2627450980392157,0.5388499245852187,0.7596153846153846,0.1654103234048404,0.01,,,,ovr,auto,poly,,,,,
276,Multilayer Perceptron,0.3019607843137255,0.5329185520361991,0.8782051282051282,0.19301129676342985,,relu,1e-05,,,,,invscaling,,,,sgd
285,Multilayer Perceptron,0.3019607843137255,0.5329185520361991,0.8782051282051282,0.19301129676342985,,relu,0.0001,,,,,invscaling,,,,sgd
312,Multilayer Perceptron,0.3019607843137255,0.5329185520361991,0.8782051282051282,0.19301129676342985,,relu,0.01,,,,,invscaling,,,,sgd
303,Multilayer Perceptron,0.3019607843137255,0.5329185520361991,0.8782051282051282,0.19301129676342985,,relu,0.001,,,,,invscaling,,,,sgd
294,Multilayer Perceptron,0.3019607843137255,0.5329185520361991,0.8782051282051282,0.19301129676342985,,relu,1,,,,,invscaling,,,,sgd
240,Multilayer Perceptron,0.24313725490196078,0.5274358974358975,0.858974358974359,0.1861566561612025,,tanh,0.0001,,,,,invscaling,,,,sgd
258,Multilayer Perceptron,0.24313725490196078,0.5274358974358975,0.858974358974359,0.1861566561612025,,tanh,0.001,,,,,invscaling,,,,sgd
267,Multilayer Perceptron,0.24313725490196078,0.5274358974358975,0.858974358974359,0.1861566561612025,,tanh,0.01,,,,,invscaling,,,,sgd
249,Multilayer Perceptron,0.24313725490196078,0.5274358974358975,0.858974358974359,0.1861566561612025,,tanh,1,,,,,invscaling,,,,sgd
231,Multilayer Perceptron,0.24313725490196078,0.5274358974358975,0.858974358974359,0.1861566561612025,,tanh,1e-05,,,,,invscaling,,,,sgd
204,Multilayer Perceptron,0.25098039215686274,0.5271078431372549,0.8653846153846154,0.19251673083344953,,logistic,1,,,,,invscaling,,,,sgd
213,Multilayer Perceptron,0.25098039215686274,0.5271078431372549,0.8653846153846154,0.19251673083344953,,logistic,0.001,,,,,invscaling,,,,sgd
222,Multilayer Perceptron,0.25098039215686274,0.5271078431372549,0.8653846153846154,0.19251673083344953,,logistic,0.01,,,,,invscaling,,,,sgd
195,Multilayer Perceptron,0.25098039215686274,0.5271078431372549,0.8653846153846154,0.19251673083344953,,logistic,0.0001,,,,,invscaling,,,,sgd
186,Multilayer Perceptron,0.25098039215686274,0.5271078431372549,0.8653846153846154,0.19251673083344953,,logistic,1e-05,,,,,invscaling,,,,sgd
168,Multilayer Perceptron,0.23529411764705885,0.5262179487179487,0.8717948717948718,0.1933770875840133,,identity,0.001,,,,,invscaling,,,,sgd
159,Multilayer Perceptron,0.23529411764705885,0.5262179487179487,0.8717948717948718,0.1933770875840133,,identity,1,,,,,invscaling,,,,sgd
150,Multilayer Perceptron,0.23529411764705885,0.5262179487179487,0.8717948717948718,0.1933770875840133,,identity,0.0001,,,,,invscaling,,,,sgd
141,Multilayer Perceptron,0.23529411764705885,0.5262179487179487,0.8717948717948718,0.1933770875840133,,identity,1e-05,,,,,invscaling,,,,sgd
177,Multilayer Perceptron,0.23529411764705885,0.5262179487179487,0.8717948717948718,0.1933770875840133,,identity,0.01,,,,,invscaling,,,,sgd
183,Multilayer Perceptron,0.2588235294117647,0.5209049773755656,0.8237179487179487,0.198715069626912,,logistic,1e-05,,,,,constant,,,,sgd
219,Multilayer Perceptron,0.2588235294117647,0.5209049773755656,0.8237179487179487,0.198715069626912,,logistic,0.01,,,,,constant,,,,sgd
210,Multilayer Perceptron,0.2588235294117647,0.5209049773755656,0.8237179487179487,0.198715069626912,,logistic,0.001,,,,,constant,,,,sgd
192,Multilayer Perceptron,0.2588235294117647,0.5209049773755656,0.8237179487179487,0.198715069626912,,logistic,0.0001,,,,,constant,,,,sgd
225,Multilayer Perceptron,0.2627450980392157,0.5208333333333333,0.8237179487179487,0.19829921756994986,,logistic,0.01,,,,,adaptive,,,,sgd
216,Multilayer Perceptron,0.2627450980392157,0.5208333333333333,0.8237179487179487,0.19829921756994986,,logistic,0.001,,,,,adaptive,,,,sgd
198,Multilayer Perceptron,0.2627450980392157,0.5208333333333333,0.8237179487179487,0.19829921756994986,,logistic,0.0001,,,,,adaptive,,,,sgd
189,Multilayer Perceptron,0.2627450980392157,0.5208333333333333,0.8237179487179487,0.19829921756994986,,logistic,1e-05,,,,,adaptive,,,,sgd
207,Multilayer Perceptron,0.2627450980392157,0.5205128205128206,0.8237179487179487,0.1988204534695093,,logistic,1,,,,,adaptive,,,,sgd
201,Multilayer Perceptron,0.2588235294117647,0.5205128205128206,0.8237179487179487,0.19874819604315971,,logistic,1,,,,,constant,,,,sgd
0,KNN,0.43137254901960786,0.5179072398190046,0.6570512820512819,0.08444261028826724,,,,,,,,,,,1,
1,KNN,0.37254901960784315,0.49090497737556565,0.653846153846154,0.08155238439317691,,,,,,,,,,,3,
